






INSERT INTO `Movies_and_TV_Shows` (`ID`, `Title`, `Realese_year`, `Distribute_cost`, `Date_of_distribution`, `Score`, `Description`, `Cover_Picture`, `Director`, `Genre`) VALUES (1, 'Alexander', 2004, 50, '2020-03-01', 78, 'The story chronicles Alexander\'s path to becoming a living legend, from a youth fueled by dreams of myth, glory and adventure to his lonely death as a ruler of a vast Empire. Alexander is the incredible story of a life that united the Known World and proved if nothing else, fortune favors the bold.', 'E:\\app\\covers\\10.jpeg', ' ‎Oliver Stone', 'Historic');
INSERT INTO `Movies_and_TV_Shows` (`ID`, `Title`, `Realese_year`, `Distribute_cost`, `Date_of_distribution`, `Score`, `Description`, `Cover_Picture`, `Director`, `Genre`) VALUES (2, 'Ice Age 1', 2002, 50, '2019-12-01', 89, 'On Earth 20,000 years ago, everything was covered in ice. A group of friends, Manny, a mammoth, Diego, a saber tooth tiger, and Sid, a sloth encounter an Eskimo human baby. They must try to return the baby back to his tribe before a group of saber tooth tigers find him and eat him.', 'E:\\app\\covers\\1.jpeg', 'Chris Wedge', 'Animation');
INSERT INTO `Movies_and_TV_Shows` (`ID`, `Title`, `Realese_year`, `Distribute_cost`, `Date_of_distribution`, `Score`, `Description`, `Cover_Picture`, `Director`, `Genre`) VALUES (3, 'Casino Royale', 2006, 50, '2020-03-01', 86, 'The plot has Bond on an assignment to bankrupt terrorist financier Le Chiffre in a high-stakes poker game at the Casino Royale in Montenegro; Bond falls in love with femme fatale Vesper Lynd, a treasury employee assigned to provide the money he needs for the game.', 'E:\\app\\covers\\2.jpeg', '‎Martin Campbell', 'James Bond series');
INSERT INTO `Movies_and_TV_Shows` (`ID`, `Title`, `Realese_year`, `Distribute_cost`, `Date_of_distribution`, `Score`, `Description`, `Cover_Picture`, `Director`, `Genre`) VALUES (4, 'Quantum of Solace', 2008, 50, '2020-02-10', 88, 'Quantum of Solace is a 2008 spy film and the twenty-second in the James Bond series produced by Eon Productions. ... In the film, Bond seeks revenge for the death of his lover, Vesper Lynd, and is assisted by Camille Montes, who is plotting revenge for the murder of her own family.', 'E:\\app\\covers\\3.jpeg', 'Marc Forster', 'James Bond series');
INSERT INTO `Movies_and_TV_Shows` (`ID`, `Title`, `Realese_year`, `Distribute_cost`, `Date_of_distribution`, `Score`, `Description`, `Cover_Picture`, `Director`, `Genre`) VALUES (5, 'Skyfall', 2012, 50, '2019-02-13', 96, 'Skyfall is a 2012 spy film and the twenty-third in the James Bond series produced by Eon Productions. ... The story centres on Bond investigating an attack on MI6; part of a plot by former agent Raoul Silva to discredit and kill M as revenge for abandoning him.', 'E:\\app\\covers\\4.jpeg', 'Sam Mendes', 'James Bond series');
INSERT INTO `Movies_and_TV_Shows` (`ID`, `Title`, `Realese_year`, `Distribute_cost`, `Date_of_distribution`, `Score`, `Description`, `Cover_Picture`, `Director`, `Genre`) VALUES (6, 'Spectre', 2015, 50, '2020-02-10', 76, 'The story sees Bond pitted against the global criminal organisation Spectre and their enigmatic leader Ernst Stavro Blofeld (Christoph Waltz), who plans to launch a national surveillance network to mastermind criminal activities across the globe.', 'E:\\app\\covers\\5.jpeg', 'Sam Mendes', 'James Bond series');
INSERT INTO `Movies_and_TV_Shows` (`ID`, `Title`, `Realese_year`, `Distribute_cost`, `Date_of_distribution`, `Score`, `Description`, `Cover_Picture`, `Director`, `Genre`) VALUES (7, '10.000 BC', 2008, 50, '2019-10-15', 78, '10,000 BC is a 2008 American epic action-adventure film directed by Roland Emmerich, starring Steven Strait and Camilla Belle. The film is set in the prehistoric era and depicts the journeys of a prehistoric tribe of mammoth hunters.', 'E:\\app\\covers\\6.jpeg', 'Roland Emmerich', 'Adventure');
INSERT INTO `Movies_and_TV_Shows` (`ID`, `Title`, `Realese_year`, `Distribute_cost`, `Date_of_distribution`, `Score`, `Description`, `Cover_Picture`, `Director`, `Genre`) VALUES (8, '2012', 2009, 50, '2020-01-15', 83, 'The plot follows geologist Adrian Helmsley (Ejiofor), who discovers the Earth\'s crust is becoming unstable after a massive solar flare caused by an alignment of the planets, and novelist Jackson Curtis (Cusack) as he attempts to bring his family to safety as the world is destroyed by a series of extreme natural ...', 'E:\\app\\covers\\7.jpeg', 'Roland Emmerich', 'Action');
INSERT INTO `Movies_and_TV_Shows` (`ID`, `Title`, `Realese_year`, `Distribute_cost`, `Date_of_distribution`, `Score`, `Description`, `Cover_Picture`, `Director`, `Genre`) VALUES (9, 'Bourne Identity', 2002, 50, '2020-02-08', 85, 'he Bourne Identity is a 2002 American action-thriller film based on Robert Ludlum\'s novel of the same name. It stars Matt Damon as Jason Bourne, a man suffering from extreme memory loss and attempting to discover his true identity amidst a clandestine conspiracy within the Central Intelligence Agency (CIA).', 'E:\\app\\covers\\8.jpeg', 'Paul Greengrass', 'Action');
INSERT INTO `Movies_and_TV_Shows` (`ID`, `Title`, `Realese_year`, `Distribute_cost`, `Date_of_distribution`, `Score`, `Description`, `Cover_Picture`, `Director`, `Genre`) VALUES (10, 'Lord of the Rings I - The Fellowship', 2001, 50, '2020-01-16', 96, 'Set in Middle-earth, the story tells of the Dark Lord Sauron, who seeks the One Ring. The Ring has found its way to the young hobbit Frodo Baggins. The fate of Middle-earth hangs in the balance as Frodo and eight companions (who form the Fellowship of the Ring) begin their journey to Mount Doom in the land of Mordor, the only place where the Ring can be destroyed.', 'E:\\app\\covers\\9.jpeg', 'Peter Jackson', 'Fantasy');
INSERT INTO `Movies_and_TV_Shows` (`ID`, `Title`, `Realese_year`, `Distribute_cost`, `Date_of_distribution`, `Score`, `Description`, `Cover_Picture`, `Director`, `Genre`) VALUES (11, 'Greys Anatomy', 2004, 50, '2020-01-10', 75, 'The fictional series focuses on the lives of surgical interns, residents, and attendings as they develop into seasoned doctors while balancing personal and professional relationships. ... It revolves around the title character, Dr. Meredith Grey, played by Ellen Pompeo.', 'E:\\app\\covers\\11.jpeg', 'Debbie Allen', 'TV Show');
INSERT INTO `Movies_and_TV_Shows` (`ID`, `Title`, `Realese_year`, `Distribute_cost`, `Date_of_distribution`, `Score`, `Description`, `Cover_Picture`, `Director`, `Genre`) VALUES (12, 'Breaking Bad', 2005, 50, '2020-02-10', 85, 'Premise. Set in Albuquerque, New Mexico, between 2008 and 2010, Breaking Bad follows Walter White, a meek high school science teacher who transforms into a ruthless player in the local methamphetamine drug trade, driven by a desire to provide for his family after being diagnosed with terminal lung cancer.', 'E:\\app\\covers\\12.jpeg', 'Vince Gilligan', 'TV Show');
INSERT INTO `Movies_and_TV_Shows` (`ID`, `Title`, `Realese_year`, `Distribute_cost`, `Date_of_distribution`, `Score`, `Description`, `Cover_Picture`, `Director`, `Genre`) VALUES (13, '13 Reasons Why', 2006, 50, '2020-03-10', 74, 'Based on the best-selling book by Jay Asher, 13 Reasons Why follows teenager Clay Jensen as he returns home from school to find a mysterious box with his name on it lying on his porch. Inside he discovers cassette tapes recorded by Hannah Baker—his classmate and crush—who tragically committed suicide two weeks earlier.', 'E:\\app\\covers\\13.jpeg', 'Tom McCarthy', 'TV Show');
INSERT INTO `Movies_and_TV_Shows` (`ID`, `Title`, `Realese_year`, `Distribute_cost`, `Date_of_distribution`, `Score`, `Description`, `Cover_Picture`, `Director`, `Genre`) VALUES (14, 'Riverdale', 2008, 50, '2020-03-10', 63, 'Originally a story from Archie Comics which started in 1941, Riverdale centres around a group of high school students who are shocked by the death of classmate, Jason Blossom. Together they unravel the secrets of Riverdale and who really killed Jason.', 'E:\\app\\covers\\14.jpeg', 'Mädchen Amick', 'TV Show');
INSERT INTO `Movies_and_TV_Shows` (`ID`, `Title`, `Realese_year`, `Distribute_cost`, `Date_of_distribution`, `Score`, `Description`, `Cover_Picture`, `Director`, `Genre`) VALUES (15, 'Black Mirror', 2006, 50, '2020-03-10', 89, 'Black Mirror is a British dystopian science fiction anthology television series created by Charlie Brooker. He and Annabel Jones are the programme\'s showrunners. It examines modern society, particularly with regard to the unanticipated consequences of new technologies.', 'E:\\app\\covers\\15.jpeg', 'Charlie Brooker', 'TV Show');
INSERT INTO `Movies_and_TV_Shows` (`ID`, `Title`, `Realese_year`, `Distribute_cost`, `Date_of_distribution`, `Score`, `Description`, `Cover_Picture`, `Director`, `Genre`) VALUES (16, 'Supernaturals', 2004, 50, '2020-02-10', 89, 'Supernatural is an American dark fantasy television series created by Eric Kripke. ... Starring Jared Padalecki as Sam Winchester and Jensen Ackles as Dean Winchester, the series follows the two brothers as they hunt demons, ghosts, monsters, and other supernatural beings.', 'E:\\app\\covers\\16.jpeg', 'Erik Kripke', 'TV Show');
INSERT INTO `Movies_and_TV_Shows` (`ID`, `Title`, `Realese_year`, `Distribute_cost`, `Date_of_distribution`, `Score`, `Description`, `Cover_Picture`, `Director`, `Genre`) VALUES (17, 'Devs', 2019, 50, '2020-01-10', 81, 'In Devs, an FX limited series, a young software engineer, Lily Chan, investigates the secret development division of her employer, a cutting-edge tech company based in Silicon Valley, which she believes is behind the murder of her boyfriend. ... The series is produced by FX Productions.', 'E:\\app\\covers\\17.jpeg', 'Alex Garland', 'TV Show');
INSERT INTO `Movies_and_TV_Shows` (`ID`, `Title`, `Realese_year`, `Distribute_cost`, `Date_of_distribution`, `Score`, `Description`, `Cover_Picture`, `Director`, `Genre`) VALUES (18, 'Westworld', 2015, 50, '2020-01-10', 95, 'Westworld is an exclusive theme park where those who can afford a ticket can live without limits. ... Partners Arnold Weber and Robert Ford created lifelike robots that pass for humans called hosts. The hosts allow guests to live out their fantasies (without harming humans) in the park.', 'E:\\app\\covers\\18.jpeg', 'Jonathan Nolan', 'TV Show');
INSERT INTO `Movies_and_TV_Shows` (`ID`, `Title`, `Realese_year`, `Distribute_cost`, `Date_of_distribution`, `Score`, `Description`, `Cover_Picture`, `Director`, `Genre`) VALUES (19, 'ER', 1992, 50, '2020-01-10', 83, 'Television. ER follows the inner life of the emergency room (ER) of fictional County General Hospital in Chicago, Illinois, and various critical issues faced by the room\'s physicians and staff..', 'E:\\app\\covers\\19.jpeg', 'Christopher Chulack', 'TV Show');
INSERT INTO `Movies_and_TV_Shows` (`ID`, `Title`, `Realese_year`, `Distribute_cost`, `Date_of_distribution`, `Score`, `Description`, `Cover_Picture`, `Director`, `Genre`) VALUES (20, 'Friends', 1994, 50, '2020-01-10', 87, 'Friends is a 90\'s Comedy TV show, based in Manhattan, about 6 friends who go through just about every life experience imaginable together; love, marriage, divorce, children, heartbreaks, fights, new jobs and job losses and all sorts of drama.', 'E:\\app\\covers\\20.jpeg', 'James Burrows', 'TV Show');


INSERT INTO `Rating_components` (`ID`, `Description`) VALUES (1, 'Drugs and substance abuse');
INSERT INTO `Rating_components` (`ID`, `Description`) VALUES (2, 'Violence');
INSERT INTO `Rating_components` (`ID`, `Description`) VALUES (3, 'Coerse Language');
INSERT INTO `Rating_components` (`ID`, `Description`) VALUES (4, 'Nudity and sexual content');


INSERT INTO `Rating_symbols` (`ID`, `Rating_symbol`, `Description`) VALUES (1, 'G', 'General Audiences');
INSERT INTO `Rating_symbols` (`ID`, `Rating_symbol`, `Description`) VALUES (2, 'PG', 'Parental Guidance Suggested');
INSERT INTO `Rating_symbols` (`ID`, `Rating_symbol`, `Description`) VALUES (3, 'PG-13', 'Parents Strongly Cautioned');
INSERT INTO `Rating_symbols` (`ID`, `Rating_symbol`, `Description`) VALUES (4, 'R', 'Restricted');
INSERT INTO `Rating_symbols` (`ID`, `Rating_symbol`, `Description`) VALUES (5, 'NC-17', 'Adults Only');
INSERT INTO `Rating_symbols` (`ID`, `Rating_symbol`, `Description`) VALUES (6, 'NR', 'Not Rated');


INSERT INTO `Actors` (`ID`, `Name`, `Date_of_birth`) VALUES (1, 'Daniel Craig', '10.01.1972');
INSERT INTO `Actors` (`ID`, `Name`, `Date_of_birth`) VALUES (2, 'John Cusac', '13.02.1964');
INSERT INTO `Actors` (`ID`, `Name`, `Date_of_birth`) VALUES (3, 'Guy Hamilton', '25.04.1955');
INSERT INTO `Actors` (`ID`, `Name`, `Date_of_birth`) VALUES (4, 'John Glen', '14.08.1975');
INSERT INTO `Actors` (`ID`, `Name`, `Date_of_birth`) VALUES (5, 'Olga Kurulenko', '31.01.1981');
INSERT INTO `Actors` (`ID`, `Name`, `Date_of_birth`) VALUES (6, 'Matt Damon', '15.06.1975');
INSERT INTO `Actors` (`ID`, `Name`, `Date_of_birth`) VALUES (7, 'Viggo Mortensen', '7.05.1971');
INSERT INTO `Actors` (`ID`, `Name`, `Date_of_birth`) VALUES (8, 'Colin Farrel', '12.11.1976');
INSERT INTO `Actors` (`ID`, `Name`, `Date_of_birth`) VALUES (9, 'Liv Tyler', '5.04.1980');
INSERT INTO `Actors` (`ID`, `Name`, `Date_of_birth`) VALUES (10, 'Camilla Belle', '23.08.1991');
INSERT INTO `Actors` (`ID`, `Name`, `Date_of_birth`) VALUES (11, 'Ellene Pompeo', '10.09.1968');
INSERT INTO `Actors` (`ID`, `Name`, `Date_of_birth`) VALUES (12, 'Braian Cranstone', '7.03.1956');
INSERT INTO `Actors` (`ID`, `Name`, `Date_of_birth`) VALUES (13, 'Brandon Flynn', '5.08.1982');
INSERT INTO `Actors` (`ID`, `Name`, `Date_of_birth`) VALUES (14, 'Lilly Rainhart', '18.03.1985');
INSERT INTO `Actors` (`ID`, `Name`, `Date_of_birth`) VALUES (15, 'John Hamm', '25.10.1974');
INSERT INTO `Actors` (`ID`, `Name`, `Date_of_birth`) VALUES (16, 'Jensen Ackles', '18.03.1980');
INSERT INTO `Actors` (`ID`, `Name`, `Date_of_birth`) VALUES (17, 'Nick Offerman', '20.12.1971');
INSERT INTO `Actors` (`ID`, `Name`, `Date_of_birth`) VALUES (18, 'Ad Harris', '23.07.1965');
INSERT INTO `Actors` (`ID`, `Name`, `Date_of_birth`) VALUES (19, 'George Cloony', '2.06.1971');
INSERT INTO `Actors` (`ID`, `Name`, `Date_of_birth`) VALUES (20, 'Jannifer Aniston', '13.05.1974');


INSERT INTO `Resolutions` (`ID`, `Title`) VALUES (1, ' 480p');
INSERT INTO `Resolutions` (`ID`, `Title`) VALUES (2, '720p');
INSERT INTO `Resolutions` (`ID`, `Title`) VALUES (3, '1080p');
INSERT INTO `Resolutions` (`ID`, `Title`) VALUES (4, '1440p');
INSERT INTO `Resolutions` (`ID`, `Title`) VALUES (5, '4K');
INSERT INTO `Resolutions` (`ID`, `Title`) VALUES (6, '8K');


INSERT INTO `Client_accounts` (`ID`, `Name`, `Age`, `Address`, `Payment_option`, `Username`, `Password`, `Status`) VALUES (1, 'Mike Simmons', 35, '4512 Dorchester street Montreal', 'Visa', 'Mike_Super', 'icandoit777', 1);
INSERT INTO `Client_accounts` (`ID`, `Name`, `Age`, `Address`, `Payment_option`, `Username`, `Password`, `Status`) VALUES (2, 'Leila Moon', 29, '3625 Peel st. Montreal', 'Mastercard', 'LilM', 'mypassword', 0);
INSERT INTO `Client_accounts` (`ID`, `Name`, `Age`, `Address`, `Payment_option`, `Username`, `Password`, `Status`) VALUES (3, 'Leo Dracula', 45, '666 Hell st. Toronto', 'PayPal', 'Dracleo', 'gotohell', 1);
INSERT INTO `Client_accounts` (`ID`, `Name`, `Age`, `Address`, `Payment_option`, `Username`, `Password`, `Status`) VALUES (4, 'Kirk Nuke', 55, '2103 Corona st. Mexico city', 'Interac', 'KiNuke', 'adiosamigos', 1);
INSERT INTO `Client_accounts` (`ID`, `Name`, `Age`, `Address`, `Payment_option`, `Username`, `Password`, `Status`) VALUES (5, 'Jane Doe', 33, '4503 Siracuz av. New York', 'Visa', 'JD9090', 'whoami', 0);


INSERT INTO `Profiles` (`ID`, `Name`, `Icon_path`, `Client_ID`) VALUES (1, 'Mike', 'E:\\app\\profiles\\mike.jpeg', 1);
INSERT INTO `Profiles` (`ID`, `Name`, `Icon_path`, `Client_ID`) VALUES (2, 'Leila77', 'E:\\app\\profiles\\lil.jpeg', 2);
INSERT INTO `Profiles` (`ID`, `Name`, `Icon_path`, `Client_ID`) VALUES (3, 'Leoleo', 'E:\\app\\profiles\\leo.jpeg', 3);
INSERT INTO `Profiles` (`ID`, `Name`, `Icon_path`, `Client_ID`) VALUES (4, 'Might Kirk', 'E:\\app\\profiles\\spartak.jpeg', 4);
INSERT INTO `Profiles` (`ID`, `Name`, `Icon_path`, `Client_ID`) VALUES (5, 'JaneSmith', 'E:\\app\\profiles\\jane.jpeg', 5);


INSERT INTO `Subscriptions` (`ID`, `Title`, `Price`) VALUES (1, 'Full pack high resolution', 99);
INSERT INTO `Subscriptions` (`ID`, `Title`, `Price`) VALUES (2, 'Movies high resolution', 59);
INSERT INTO `Subscriptions` (`ID`, `Title`, `Price`) VALUES (3, 'TV Shows high resolution', 59);
INSERT INTO `Subscriptions` (`ID`, `Title`, `Price`) VALUES (4, 'Full pack medium resolution', 59);
INSERT INTO `Subscriptions` (`ID`, `Title`, `Price`) VALUES (5, 'Movies medium resolution', 39);
INSERT INTO `Subscriptions` (`ID`, `Title`, `Price`) VALUES (6, 'TV Shows medium resolution', 39);


INSERT INTO `Payments` (`ID`, `Payment_date`, `Payment_information`, `Payment_amount`, `Client_ID`, `Subcsription_ID`) VALUES (1, '2020-08-14', '1234 5678 9874 0123', 99, 1, 1);
INSERT INTO `Payments` (`ID`, `Payment_date`, `Payment_information`, `Payment_amount`, `Client_ID`, `Subcsription_ID`) VALUES (2, '2020-08-10', '3214 5689 7412 0235', 59, 3, 3);
INSERT INTO `Payments` (`ID`, `Payment_date`, `Payment_information`, `Payment_amount`, `Client_ID`, `Subcsription_ID`) VALUES (3, '2020-08-05', '9625 5879 1254 3698', 59, 4, 4);
INSERT INTO `Payments` (`ID`, `Payment_date`, `Payment_information`, `Payment_amount`, `Client_ID`, `Subcsription_ID`) VALUES (4, '2020-07-25', '1234 5678 9874 0123', 99, 1, 1);
INSERT INTO `Payments` (`ID`, `Payment_date`, `Payment_information`, `Payment_amount`, `Client_ID`, `Subcsription_ID`) VALUES (5, '2020-07-22', '2589 3695 4589 2635', 59, 2, 2);
INSERT INTO `Payments` (`ID`, `Payment_date`, `Payment_information`, `Payment_amount`, `Client_ID`, `Subcsription_ID`) VALUES (6, '2020-07-20', '3214 5689 7412 0235', 59, 3, 3);
INSERT INTO `Payments` (`ID`, `Payment_date`, `Payment_information`, `Payment_amount`, `Client_ID`, `Subcsription_ID`) VALUES (7, '2020-07-15', '9625 5879 1254 3698', 59, 4, 4);
INSERT INTO `Payments` (`ID`, `Payment_date`, `Payment_information`, `Payment_amount`, `Client_ID`, `Subcsription_ID`) VALUES (8, '2020-07-07', 'mali@gmail.com', 39, 5, 5);
INSERT INTO `Payments` (`ID`, `Payment_date`, `Payment_information`, `Payment_amount`, `Client_ID`, `Subcsription_ID`) VALUES (9, '2020-06-21', '1234 5678 9874 0123', 99, 1, 1);
INSERT INTO `Payments` (`ID`, `Payment_date`, `Payment_information`, `Payment_amount`, `Client_ID`, `Subcsription_ID`) VALUES (10, '2020-06-20', '2589 3695 4589 2635', 59, 2, 2);
INSERT INTO `Payments` (`ID`, `Payment_date`, `Payment_information`, `Payment_amount`, `Client_ID`, `Subcsription_ID`) VALUES (11, '2020-06-15', '3214 5689 7412 0235', 59, 3, 3);
INSERT INTO `Payments` (`ID`, `Payment_date`, `Payment_information`, `Payment_amount`, `Client_ID`, `Subcsription_ID`) VALUES (12, '2020-06-13', '9625 5879 1254 3698', 59, 4, 4);
INSERT INTO `Payments` (`ID`, `Payment_date`, `Payment_information`, `Payment_amount`, `Client_ID`, `Subcsription_ID`) VALUES (13, '2020-06-05', 'mali@gmail.com', 39, 5, 5);
INSERT INTO `Payments` (`ID`, `Payment_date`, `Payment_information`, `Payment_amount`, `Client_ID`, `Subcsription_ID`) VALUES (14, '2020-05-21', '1234 5678 9874 0123', 99, 1, 1);
INSERT INTO `Payments` (`ID`, `Payment_date`, `Payment_information`, `Payment_amount`, `Client_ID`, `Subcsription_ID`) VALUES (15, '2020-05-13', '2589 3695 4589 2635', 59, 2, 2);
INSERT INTO `Payments` (`ID`, `Payment_date`, `Payment_information`, `Payment_amount`, `Client_ID`, `Subcsription_ID`) VALUES (16, '2020-05-08', '3214 5689 7412 0235', 59, 3, 3);
INSERT INTO `Payments` (`ID`, `Payment_date`, `Payment_information`, `Payment_amount`, `Client_ID`, `Subcsription_ID`) VALUES (17, '2020-05-05', '9625 5879 1254 3698', 59, 4, 4);
INSERT INTO `Payments` (`ID`, `Payment_date`, `Payment_information`, `Payment_amount`, `Client_ID`, `Subcsription_ID`) VALUES (18, '2020-05-01', 'mali@gmail.com', 39, 5, 5);
INSERT INTO `Payments` (`ID`, `Payment_date`, `Payment_information`, `Payment_amount`, `Client_ID`, `Subcsription_ID`) VALUES (19, '2020-04-13', '1234 5678 9874 0123', 99, 1, 1);
INSERT INTO `Payments` (`ID`, `Payment_date`, `Payment_information`, `Payment_amount`, `Client_ID`, `Subcsription_ID`) VALUES (20, '2020-04-07', '2589 3695 4589 2635', 59, 2, 2);
INSERT INTO `Payments` (`ID`, `Payment_date`, `Payment_information`, `Payment_amount`, `Client_ID`, `Subcsription_ID`) VALUES (21, '2020-03-14', '1234 5678 9874 0123', 99, 1, 1);
INSERT INTO `Payments` (`ID`, `Payment_date`, `Payment_information`, `Payment_amount`, `Client_ID`, `Subcsription_ID`) VALUES (22, '2020-03-10', '3214 5689 7412 0235', 59, 3, 3);
INSERT INTO `Payments` (`ID`, `Payment_date`, `Payment_information`, `Payment_amount`, `Client_ID`, `Subcsription_ID`) VALUES (23, '2020-03-05', '9625 5879 1254 3698', 59, 4, 4);
INSERT INTO `Payments` (`ID`, `Payment_date`, `Payment_information`, `Payment_amount`, `Client_ID`, `Subcsription_ID`) VALUES (24, '2020-02-25', '1234 5678 9874 0123', 99, 1, 1);
INSERT INTO `Payments` (`ID`, `Payment_date`, `Payment_information`, `Payment_amount`, `Client_ID`, `Subcsription_ID`) VALUES (25, '2020-02-22', '2589 3695 4589 2635', 59, 2, 2);
INSERT INTO `Payments` (`ID`, `Payment_date`, `Payment_information`, `Payment_amount`, `Client_ID`, `Subcsription_ID`) VALUES (26, '2020-02-20', '3214 5689 7412 0235', 59, 3, 3);
INSERT INTO `Payments` (`ID`, `Payment_date`, `Payment_information`, `Payment_amount`, `Client_ID`, `Subcsription_ID`) VALUES (27, '2020-02-15', '9625 5879 1254 3698', 59, 4, 4);
INSERT INTO `Payments` (`ID`, `Payment_date`, `Payment_information`, `Payment_amount`, `Client_ID`, `Subcsription_ID`) VALUES (28, '2020-02-07', 'mali@gmail.com', 39, 5, 5);
INSERT INTO `Payments` (`ID`, `Payment_date`, `Payment_information`, `Payment_amount`, `Client_ID`, `Subcsription_ID`) VALUES (29, '2020-01-21', '1234 5678 9874 0123', 99, 1, 1);
INSERT INTO `Payments` (`ID`, `Payment_date`, `Payment_information`, `Payment_amount`, `Client_ID`, `Subcsription_ID`) VALUES (30, '2020-01-20', '2589 3695 4589 2635', 59, 2, 2);
INSERT INTO `Payments` (`ID`, `Payment_date`, `Payment_information`, `Payment_amount`, `Client_ID`, `Subcsription_ID`) VALUES (31, '2020-01-15', '3214 5689 7412 0235', 59, 3, 3);
INSERT INTO `Payments` (`ID`, `Payment_date`, `Payment_information`, `Payment_amount`, `Client_ID`, `Subcsription_ID`) VALUES (32, '2020-01-13', '9625 5879 1254 3698', 59, 4, 4);
INSERT INTO `Payments` (`ID`, `Payment_date`, `Payment_information`, `Payment_amount`, `Client_ID`, `Subcsription_ID`) VALUES (33, '2020-01-05', 'mali@gmail.com', 39, 5, 5);
INSERT INTO `Payments` (`ID`, `Payment_date`, `Payment_information`, `Payment_amount`, `Client_ID`, `Subcsription_ID`) VALUES (34, '2019-12-21', '1234 5678 9874 0123', 99, 1, 1);
INSERT INTO `Payments` (`ID`, `Payment_date`, `Payment_information`, `Payment_amount`, `Client_ID`, `Subcsription_ID`) VALUES (35, '2019-12-13', '2589 3695 4589 2635', 59, 2, 2);
INSERT INTO `Payments` (`ID`, `Payment_date`, `Payment_information`, `Payment_amount`, `Client_ID`, `Subcsription_ID`) VALUES (36, '2019-12-08', '3214 5689 7412 0235', 59, 3, 3);
INSERT INTO `Payments` (`ID`, `Payment_date`, `Payment_information`, `Payment_amount`, `Client_ID`, `Subcsription_ID`) VALUES (37, '2019-12-05', '9625 5879 1254 3698', 59, 4, 4);
INSERT INTO `Payments` (`ID`, `Payment_date`, `Payment_information`, `Payment_amount`, `Client_ID`, `Subcsription_ID`) VALUES (38, '2019-12-01', 'mali@gmail.com', 39, 5, 5);
INSERT INTO `Payments` (`ID`, `Payment_date`, `Payment_information`, `Payment_amount`, `Client_ID`, `Subcsription_ID`) VALUES (39, '2019-11-13', '1234 5678 9874 0123', 99, 1, 1);
INSERT INTO `Payments` (`ID`, `Payment_date`, `Payment_information`, `Payment_amount`, `Client_ID`, `Subcsription_ID`) VALUES (40, '2019-11-07', '2589 3695 4589 2635', 59, 2, 2);



INSERT INTO `Roles` (`ID`, `Title`) VALUES (1, 'Administrator');
INSERT INTO `Roles` (`ID`, `Title`) VALUES (2, 'Accountant');
INSERT INTO `Roles` (`ID`, `Title`) VALUES (3, 'Manager');


INSERT INTO `Stuff_accounts` (`ID`, `Name`, `Password`, `Role_ID`) VALUES (1, 'Lex_luter', 'superman7777', 1);
INSERT INTO `Stuff_accounts` (`ID`, `Name`, `Password`, `Role_ID`) VALUES (2, 'Mia_Sorvino', 'Witch666', 2);
INSERT INTO `Stuff_accounts` (`ID`, `Name`, `Password`, `Role_ID`) VALUES (3, 'Chris_Pratt', 'Guardian999', 3);


INSERT INTO `Movies_resolutions` (`Movie_ID`, `Resolutions_ID`, `File_path`) VALUES (1, 3, 'E:\\app\\films\\1.avi');
INSERT INTO `Movies_resolutions` (`Movie_ID`, `Resolutions_ID`, `File_path`) VALUES (1, 4, 'E:\\app\\films\\2.avi');
INSERT INTO `Movies_resolutions` (`Movie_ID`, `Resolutions_ID`, `File_path`) VALUES (2, 1, 'E:\\app\\films\\3.avi');
INSERT INTO `Movies_resolutions` (`Movie_ID`, `Resolutions_ID`, `File_path`) VALUES (2, 5, 'E:\\app\\films\\4.avi');
INSERT INTO `Movies_resolutions` (`Movie_ID`, `Resolutions_ID`, `File_path`) VALUES (3, 2, 'E:\\app\\films\\5.avi');
INSERT INTO `Movies_resolutions` (`Movie_ID`, `Resolutions_ID`, `File_path`) VALUES (4, 3, 'E:\\app\\films\\6.avi');
INSERT INTO `Movies_resolutions` (`Movie_ID`, `Resolutions_ID`, `File_path`) VALUES (4, 4, 'E:\\app\\films\\7.avi');
INSERT INTO `Movies_resolutions` (`Movie_ID`, `Resolutions_ID`, `File_path`) VALUES (5, 3, 'E:\\app\\films\\8.avi');
INSERT INTO `Movies_resolutions` (`Movie_ID`, `Resolutions_ID`, `File_path`) VALUES (6, 2, 'E:\\app\\films\\9.avi');
INSERT INTO `Movies_resolutions` (`Movie_ID`, `Resolutions_ID`, `File_path`) VALUES (6, 4, 'E:\\app\\films\\10.avi');
INSERT INTO `Movies_resolutions` (`Movie_ID`, `Resolutions_ID`, `File_path`) VALUES (7, 1, 'E:\\app\\films\\11.avi');
INSERT INTO `Movies_resolutions` (`Movie_ID`, `Resolutions_ID`, `File_path`) VALUES (7, 2, 'E:\\app\\films\\12.avi');
INSERT INTO `Movies_resolutions` (`Movie_ID`, `Resolutions_ID`, `File_path`) VALUES (8, 5, 'E:\\app\\films\\13.avi');
INSERT INTO `Movies_resolutions` (`Movie_ID`, `Resolutions_ID`, `File_path`) VALUES (8, 6, 'E:\\app\\films\\14.avi');
INSERT INTO `Movies_resolutions` (`Movie_ID`, `Resolutions_ID`, `File_path`) VALUES (9, 3, 'E:\\app\\films\\15.avi');
INSERT INTO `Movies_resolutions` (`Movie_ID`, `Resolutions_ID`, `File_path`) VALUES (10, 4, 'E:\\app\\films\\16.avi');


INSERT INTO `Movies_and_TV_Shows_actors` (`Movies_and_TV_Shows_ID`, `Actor_ID`) VALUES (1, 8);
INSERT INTO `Movies_and_TV_Shows_actors` (`Movies_and_TV_Shows_ID`, `Actor_ID`) VALUES (2, 3);
INSERT INTO `Movies_and_TV_Shows_actors` (`Movies_and_TV_Shows_ID`, `Actor_ID`) VALUES (3, 1);
INSERT INTO `Movies_and_TV_Shows_actors` (`Movies_and_TV_Shows_ID`, `Actor_ID`) VALUES (4, 5);
INSERT INTO `Movies_and_TV_Shows_actors` (`Movies_and_TV_Shows_ID`, `Actor_ID`) VALUES (5, 1);
INSERT INTO `Movies_and_TV_Shows_actors` (`Movies_and_TV_Shows_ID`, `Actor_ID`) VALUES (6, 1);
INSERT INTO `Movies_and_TV_Shows_actors` (`Movies_and_TV_Shows_ID`, `Actor_ID`) VALUES (7, 10);
INSERT INTO `Movies_and_TV_Shows_actors` (`Movies_and_TV_Shows_ID`, `Actor_ID`) VALUES (8, 2);
INSERT INTO `Movies_and_TV_Shows_actors` (`Movies_and_TV_Shows_ID`, `Actor_ID`) VALUES (9, 6);
INSERT INTO `Movies_and_TV_Shows_actors` (`Movies_and_TV_Shows_ID`, `Actor_ID`) VALUES (10, 7);
INSERT INTO `Movies_and_TV_Shows_actors` (`Movies_and_TV_Shows_ID`, `Actor_ID`) VALUES (7, 1);
INSERT INTO `Movies_and_TV_Shows_actors` (`Movies_and_TV_Shows_ID`, `Actor_ID`) VALUES (11, 11);
INSERT INTO `Movies_and_TV_Shows_actors` (`Movies_and_TV_Shows_ID`, `Actor_ID`) VALUES (12, 12);
INSERT INTO `Movies_and_TV_Shows_actors` (`Movies_and_TV_Shows_ID`, `Actor_ID`) VALUES (13, 13);
INSERT INTO `Movies_and_TV_Shows_actors` (`Movies_and_TV_Shows_ID`, `Actor_ID`) VALUES (14, 14);
INSERT INTO `Movies_and_TV_Shows_actors` (`Movies_and_TV_Shows_ID`, `Actor_ID`) VALUES (15, 15);
INSERT INTO `Movies_and_TV_Shows_actors` (`Movies_and_TV_Shows_ID`, `Actor_ID`) VALUES (16, 16);
INSERT INTO `Movies_and_TV_Shows_actors` (`Movies_and_TV_Shows_ID`, `Actor_ID`) VALUES (17, 17);
INSERT INTO `Movies_and_TV_Shows_actors` (`Movies_and_TV_Shows_ID`, `Actor_ID`) VALUES (18, 18);
INSERT INTO `Movies_and_TV_Shows_actors` (`Movies_and_TV_Shows_ID`, `Actor_ID`) VALUES (19, 19);
INSERT INTO `Movies_and_TV_Shows_actors` (`Movies_and_TV_Shows_ID`, `Actor_ID`) VALUES (20, 20);


INSERT INTO `Movies_and_TV_Shows_symbols` (`Movies_and_TV_Shows_ID`, `Rating_symbol_ID`) VALUES (1, 4);
INSERT INTO `Movies_and_TV_Shows_symbols` (`Movies_and_TV_Shows_ID`, `Rating_symbol_ID`) VALUES (2, 1);
INSERT INTO `Movies_and_TV_Shows_symbols` (`Movies_and_TV_Shows_ID`, `Rating_symbol_ID`) VALUES (3, 3);
INSERT INTO `Movies_and_TV_Shows_symbols` (`Movies_and_TV_Shows_ID`, `Rating_symbol_ID`) VALUES (4, 3);
INSERT INTO `Movies_and_TV_Shows_symbols` (`Movies_and_TV_Shows_ID`, `Rating_symbol_ID`) VALUES (5, 3);
INSERT INTO `Movies_and_TV_Shows_symbols` (`Movies_and_TV_Shows_ID`, `Rating_symbol_ID`) VALUES (6, 3);
INSERT INTO `Movies_and_TV_Shows_symbols` (`Movies_and_TV_Shows_ID`, `Rating_symbol_ID`) VALUES (7, 2);
INSERT INTO `Movies_and_TV_Shows_symbols` (`Movies_and_TV_Shows_ID`, `Rating_symbol_ID`) VALUES (8, 2);
INSERT INTO `Movies_and_TV_Shows_symbols` (`Movies_and_TV_Shows_ID`, `Rating_symbol_ID`) VALUES (9, 3);
INSERT INTO `Movies_and_TV_Shows_symbols` (`Movies_and_TV_Shows_ID`, `Rating_symbol_ID`) VALUES (10, 1);
INSERT INTO `Movies_and_TV_Shows_symbols` (`Movies_and_TV_Shows_ID`, `Rating_symbol_ID`) VALUES (11, 3);
INSERT INTO `Movies_and_TV_Shows_symbols` (`Movies_and_TV_Shows_ID`, `Rating_symbol_ID`) VALUES (12, 5);
INSERT INTO `Movies_and_TV_Shows_symbols` (`Movies_and_TV_Shows_ID`, `Rating_symbol_ID`) VALUES (13, 3);
INSERT INTO `Movies_and_TV_Shows_symbols` (`Movies_and_TV_Shows_ID`, `Rating_symbol_ID`) VALUES (14, 3);
INSERT INTO `Movies_and_TV_Shows_symbols` (`Movies_and_TV_Shows_ID`, `Rating_symbol_ID`) VALUES (15, 5);
INSERT INTO `Movies_and_TV_Shows_symbols` (`Movies_and_TV_Shows_ID`, `Rating_symbol_ID`) VALUES (16, 3);
INSERT INTO `Movies_and_TV_Shows_symbols` (`Movies_and_TV_Shows_ID`, `Rating_symbol_ID`) VALUES (17, 3);
INSERT INTO `Movies_and_TV_Shows_symbols` (`Movies_and_TV_Shows_ID`, `Rating_symbol_ID`) VALUES (18, 5);
INSERT INTO `Movies_and_TV_Shows_symbols` (`Movies_and_TV_Shows_ID`, `Rating_symbol_ID`) VALUES (19, 2);
INSERT INTO `Movies_and_TV_Shows_symbols` (`Movies_and_TV_Shows_ID`, `Rating_symbol_ID`) VALUES (20, 2);


INSERT INTO `Movies_and_TV_Shows_rating_components` (`Movie_ID`, `Rating_components_ID`) VALUES (1, 2);
INSERT INTO `Movies_and_TV_Shows_rating_components` (`Movie_ID`, `Rating_components_ID`) VALUES (3, 2);
INSERT INTO `Movies_and_TV_Shows_rating_components` (`Movie_ID`, `Rating_components_ID`) VALUES (4, 2);
INSERT INTO `Movies_and_TV_Shows_rating_components` (`Movie_ID`, `Rating_components_ID`) VALUES (5, 2);
INSERT INTO `Movies_and_TV_Shows_rating_components` (`Movie_ID`, `Rating_components_ID`) VALUES (6, 2);
INSERT INTO `Movies_and_TV_Shows_rating_components` (`Movie_ID`, `Rating_components_ID`) VALUES (8, 3);
INSERT INTO `Movies_and_TV_Shows_rating_components` (`Movie_ID`, `Rating_components_ID`) VALUES (9, 2);
INSERT INTO `Movies_and_TV_Shows_rating_components` (`Movie_ID`, `Rating_components_ID`) VALUES (12, 1);
INSERT INTO `Movies_and_TV_Shows_rating_components` (`Movie_ID`, `Rating_components_ID`) VALUES (12, 2);
INSERT INTO `Movies_and_TV_Shows_rating_components` (`Movie_ID`, `Rating_components_ID`) VALUES (12, 3);
INSERT INTO `Movies_and_TV_Shows_rating_components` (`Movie_ID`, `Rating_components_ID`) VALUES (12, 4);
INSERT INTO `Movies_and_TV_Shows_rating_components` (`Movie_ID`, `Rating_components_ID`) VALUES (15, 2);
INSERT INTO `Movies_and_TV_Shows_rating_components` (`Movie_ID`, `Rating_components_ID`) VALUES (15, 3);
INSERT INTO `Movies_and_TV_Shows_rating_components` (`Movie_ID`, `Rating_components_ID`) VALUES (15, 4);
INSERT INTO `Movies_and_TV_Shows_rating_components` (`Movie_ID`, `Rating_components_ID`) VALUES (16, 2);
INSERT INTO `Movies_and_TV_Shows_rating_components` (`Movie_ID`, `Rating_components_ID`) VALUES (16, 3);
INSERT INTO `Movies_and_TV_Shows_rating_components` (`Movie_ID`, `Rating_components_ID`) VALUES (17, 2);
INSERT INTO `Movies_and_TV_Shows_rating_components` (`Movie_ID`, `Rating_components_ID`) VALUES (18, 2);
INSERT INTO `Movies_and_TV_Shows_rating_components` (`Movie_ID`, `Rating_components_ID`) VALUES (18, 4);


INSERT INTO `TV_Show_seasons` (`ID`, `TV_Show_ID`, `Season_number`) VALUES (1, 11, 1);
INSERT INTO `TV_Show_seasons` (`ID`, `TV_Show_ID`, `Season_number`) VALUES (2, 12, 1);
INSERT INTO `TV_Show_seasons` (`ID`, `TV_Show_ID`, `Season_number`) VALUES (3, 13, 1);
INSERT INTO `TV_Show_seasons` (`ID`, `TV_Show_ID`, `Season_number`) VALUES (4, 14, 1);
INSERT INTO `TV_Show_seasons` (`ID`, `TV_Show_ID`, `Season_number`) VALUES (5, 15, 1);
INSERT INTO `TV_Show_seasons` (`ID`, `TV_Show_ID`, `Season_number`) VALUES (6, 16, 1);
INSERT INTO `TV_Show_seasons` (`ID`, `TV_Show_ID`, `Season_number`) VALUES (7, 17, 1);
INSERT INTO `TV_Show_seasons` (`ID`, `TV_Show_ID`, `Season_number`) VALUES (8, 18, 1);
INSERT INTO `TV_Show_seasons` (`ID`, `TV_Show_ID`, `Season_number`) VALUES (9, 19, 1);
INSERT INTO `TV_Show_seasons` (`ID`, `TV_Show_ID`, `Season_number`) VALUES (10, 20, 1);


INSERT INTO `TV_shows_episodes` (`ID`, `Episode_Number`, `Season_ID`) VALUES (1, 1, 1);
INSERT INTO `TV_shows_episodes` (`ID`, `Episode_Number`, `Season_ID`) VALUES (2, 1, 2);
INSERT INTO `TV_shows_episodes` (`ID`, `Episode_Number`, `Season_ID`) VALUES (3, 1, 3);
INSERT INTO `TV_shows_episodes` (`ID`, `Episode_Number`, `Season_ID`) VALUES (4, 1, 4);
INSERT INTO `TV_shows_episodes` (`ID`, `Episode_Number`, `Season_ID`) VALUES (5, 1, 5);
INSERT INTO `TV_shows_episodes` (`ID`, `Episode_Number`, `Season_ID`) VALUES (6, 1, 6);
INSERT INTO `TV_shows_episodes` (`ID`, `Episode_Number`, `Season_ID`) VALUES (7, 1, 7);
INSERT INTO `TV_shows_episodes` (`ID`, `Episode_Number`, `Season_ID`) VALUES (8, 1, 8);
INSERT INTO `TV_shows_episodes` (`ID`, `Episode_Number`, `Season_ID`) VALUES (9, 1, 9);
INSERT INTO `TV_shows_episodes` (`ID`, `Episode_Number`, `Season_ID`) VALUES (10, 1, 10);


INSERT INTO `TV Show_resolutions` (`Resolutions_ID`, `Episode_ID`, `File_path`) VALUES (1, 1, 'E:\\app\\series\\1.avi');
INSERT INTO `TV Show_resolutions` (`Resolutions_ID`, `Episode_ID`, `File_path`) VALUES (2, 2, 'E:\\app\\series\\2.avi');
INSERT INTO `TV Show_resolutions` (`Resolutions_ID`, `Episode_ID`, `File_path`) VALUES (3, 3, 'E:\\app\\series\\3.avi');
INSERT INTO `TV Show_resolutions` (`Resolutions_ID`, `Episode_ID`, `File_path`) VALUES (4, 4, 'E:\\app\\series\\4.avi');
INSERT INTO `TV Show_resolutions` (`Resolutions_ID`, `Episode_ID`, `File_path`) VALUES (1, 5, 'E:\\app\\series\\5.avi');
INSERT INTO `TV Show_resolutions` (`Resolutions_ID`, `Episode_ID`, `File_path`) VALUES (2, 5, 'E:\\app\\series\\6.avi');
INSERT INTO `TV Show_resolutions` (`Resolutions_ID`, `Episode_ID`, `File_path`) VALUES (4, 6, 'E:\\app\\series\\7.avi');
INSERT INTO `TV Show_resolutions` (`Resolutions_ID`, `Episode_ID`, `File_path`) VALUES (1, 7, 'E:\\app\\series\\8.avi');
INSERT INTO `TV Show_resolutions` (`Resolutions_ID`, `Episode_ID`, `File_path`) VALUES (2, 7, 'E:\\app\\series\\9.avi');
INSERT INTO `TV Show_resolutions` (`Resolutions_ID`, `Episode_ID`, `File_path`) VALUES (1, 8, 'E:\\app\\series\\10.avi');
INSERT INTO `TV Show_resolutions` (`Resolutions_ID`, `Episode_ID`, `File_path`) VALUES (3, 8, 'E:\\app\\series\\11.avi');
INSERT INTO `TV Show_resolutions` (`Resolutions_ID`, `Episode_ID`, `File_path`) VALUES (3, 9, 'E:\\app\\series\\12.avi');
INSERT INTO `TV Show_resolutions` (`Resolutions_ID`, `Episode_ID`, `File_path`) VALUES (5, 9, 'E:\\app\\series\\13.avi');
INSERT INTO `TV Show_resolutions` (`Resolutions_ID`, `Episode_ID`, `File_path`) VALUES (1, 10, 'E:\\app\\series\\14.avi');
INSERT INTO `TV Show_resolutions` (`Resolutions_ID`, `Episode_ID`, `File_path`) VALUES (3, 10, 'E:\\app\\series\\15.avi');


INSERT INTO `Movies_sessions` (`ID`, `Movie_ID`, `Client_ID`, `Watched_at`) VALUES (1, 1, 1, '2020-07-21 18:25:33');
INSERT INTO `Movies_sessions` (`ID`, `Movie_ID`, `Client_ID`, `Watched_at`) VALUES (2, 2, 2, '2020-07-19 20:30:33');
INSERT INTO `Movies_sessions` (`ID`, `Movie_ID`, `Client_ID`, `Watched_at`) VALUES (3, 3, 4, '2020-07-19 18:50:00');
INSERT INTO `Movies_sessions` (`ID`, `Movie_ID`, `Client_ID`, `Watched_at`) VALUES (4, 4, 5, '2020-07-18 15:26:33');
INSERT INTO `Movies_sessions` (`ID`, `Movie_ID`, `Client_ID`, `Watched_at`) VALUES (5, 5, 1, '2020-07-17 21:25:33');
INSERT INTO `Movies_sessions` (`ID`, `Movie_ID`, `Client_ID`, `Watched_at`) VALUES (6, 6, 2, '2020-07-16 19:30:33');
INSERT INTO `Movies_sessions` (`ID`, `Movie_ID`, `Client_ID`, `Watched_at`) VALUES (7, 7, 1, '2020-06-28 08:25:33');
INSERT INTO `Movies_sessions` (`ID`, `Movie_ID`, `Client_ID`, `Watched_at`) VALUES (8, 8, 4, '2020-06-22 22:25:03');
INSERT INTO `Movies_sessions` (`ID`, `Movie_ID`, `Client_ID`, `Watched_at`) VALUES (9, 9, 5, '2020-06-19 20:25:33');
INSERT INTO `Movies_sessions` (`ID`, `Movie_ID`, `Client_ID`, `Watched_at`) VALUES (10, 10, 1, '2020-06-17 23:25:33');
INSERT INTO `Movies_sessions` (`ID`, `Movie_ID`, `Client_ID`, `Watched_at`) VALUES (11, 1, 2, '2020-06-15 18:25:33');
INSERT INTO `Movies_sessions` (`ID`, `Movie_ID`, `Client_ID`, `Watched_at`) VALUES (12, 2, 4, '2020-06-14 20:30:33');
INSERT INTO `Movies_sessions` (`ID`, `Movie_ID`, `Client_ID`, `Watched_at`) VALUES (13, 3, 5, '2020-06-10 18:50:00');
INSERT INTO `Movies_sessions` (`ID`, `Movie_ID`, `Client_ID`, `Watched_at`) VALUES (14, 4, 1, '2020-06-06 15:26:33');
INSERT INTO `Movies_sessions` (`ID`, `Movie_ID`, `Client_ID`, `Watched_at`) VALUES (15, 5, 2, '2020-05-27 21:25:33');
INSERT INTO `Movies_sessions` (`ID`, `Movie_ID`, `Client_ID`, `Watched_at`) VALUES (16, 6, 5, '2020-05-25 19:30:33');
INSERT INTO `Movies_sessions` (`ID`, `Movie_ID`, `Client_ID`, `Watched_at`) VALUES (17, 7, 1, '2020-05-18 08:25:33');
INSERT INTO `Movies_sessions` (`ID`, `Movie_ID`, `Client_ID`, `Watched_at`) VALUES (18, 8, 2, '2020-05-16 22:25:03');
INSERT INTO `Movies_sessions` (`ID`, `Movie_ID`, `Client_ID`, `Watched_at`) VALUES (19, 9, 4, '2020-05-14 20:25:33');
INSERT INTO `Movies_sessions` (`ID`, `Movie_ID`, `Client_ID`, `Watched_at`) VALUES (21, 1, 1, '2020-04-21 18:25:33');
INSERT INTO `Movies_sessions` (`ID`, `Movie_ID`, `Client_ID`, `Watched_at`) VALUES (22, 2, 2, '2020-04-19 20:30:33');
INSERT INTO `Movies_sessions` (`ID`, `Movie_ID`, `Client_ID`, `Watched_at`) VALUES (23, 3, 4, '2020-04-19 18:50:00');
INSERT INTO `Movies_sessions` (`ID`, `Movie_ID`, `Client_ID`, `Watched_at`) VALUES (24, 4, 5, '2020-04-18 15:26:33');
INSERT INTO `Movies_sessions` (`ID`, `Movie_ID`, `Client_ID`, `Watched_at`) VALUES (25, 5, 1, '2020-04-17 21:25:33');
INSERT INTO `Movies_sessions` (`ID`, `Movie_ID`, `Client_ID`, `Watched_at`) VALUES (26, 6, 2, '2020-04-16 19:30:33');
INSERT INTO `Movies_sessions` (`ID`, `Movie_ID`, `Client_ID`, `Watched_at`) VALUES (27, 7, 1, '2020-03-28 08:25:33');
INSERT INTO `Movies_sessions` (`ID`, `Movie_ID`, `Client_ID`, `Watched_at`) VALUES (28, 8, 4, '2020-03-22 22:25:03');
INSERT INTO `Movies_sessions` (`ID`, `Movie_ID`, `Client_ID`, `Watched_at`) VALUES (29, 9, 5, '2020-03-19 20:25:33');
INSERT INTO `Movies_sessions` (`ID`, `Movie_ID`, `Client_ID`, `Watched_at`) VALUES (30, 10, 1, '2020-03-17 23:25:33');
INSERT INTO `Movies_sessions` (`ID`, `Movie_ID`, `Client_ID`, `Watched_at`) VALUES (31, 1, 2, '2020-03-15 18:25:33');
INSERT INTO `Movies_sessions` (`ID`, `Movie_ID`, `Client_ID`, `Watched_at`) VALUES (32, 2, 4, '2020-03-14 20:30:33');
INSERT INTO `Movies_sessions` (`ID`, `Movie_ID`, `Client_ID`, `Watched_at`) VALUES (33, 3, 5, '2020-03-10 18:50:00');
INSERT INTO `Movies_sessions` (`ID`, `Movie_ID`, `Client_ID`, `Watched_at`) VALUES (34, 4, 1, '2020-03-06 15:26:33');


INSERT INTO `TV_Show_sessions` (`ID`, `TV_Show_episode_ID`, `Client_ID`, `Watched_at`) VALUES (1, 1, 1, '2020-07-22 18:25:33');
INSERT INTO `TV_Show_sessions` (`ID`, `TV_Show_episode_ID`, `Client_ID`, `Watched_at`) VALUES (2, 2, 3, '2020-07-21 20:25:33');
INSERT INTO `TV_Show_sessions` (`ID`, `TV_Show_episode_ID`, `Client_ID`, `Watched_at`) VALUES (3, 3, 4, '2020-07-20 18:50:00');
INSERT INTO `TV_Show_sessions` (`ID`, `TV_Show_episode_ID`, `Client_ID`, `Watched_at`) VALUES (4, 4, 1, '2020-07-17 15:26:33');
INSERT INTO `TV_Show_sessions` (`ID`, `TV_Show_episode_ID`, `Client_ID`, `Watched_at`) VALUES (5, 5, 3, '2020-07-16 21:25:33');
INSERT INTO `TV_Show_sessions` (`ID`, `TV_Show_episode_ID`, `Client_ID`, `Watched_at`) VALUES (6, 6, 4, '2020-07-14 19:30:33');
INSERT INTO `TV_Show_sessions` (`ID`, `TV_Show_episode_ID`, `Client_ID`, `Watched_at`) VALUES (7, 7, 4, '2020-07-11 08:25:33');
INSERT INTO `TV_Show_sessions` (`ID`, `TV_Show_episode_ID`, `Client_ID`, `Watched_at`) VALUES (8, 8, 3, '2020-07-10 22:25:03');
INSERT INTO `TV_Show_sessions` (`ID`, `TV_Show_episode_ID`, `Client_ID`, `Watched_at`) VALUES (9, 9, 1, '2020-06-22 20:25:33');
INSERT INTO `TV_Show_sessions` (`ID`, `TV_Show_episode_ID`, `Client_ID`, `Watched_at`) VALUES (10, 10, 1, '2020-06-17 23:25:33');
INSERT INTO `TV_Show_sessions` (`ID`, `TV_Show_episode_ID`, `Client_ID`, `Watched_at`) VALUES (11, 10, 4, '2020-06-15 18:25:33');
INSERT INTO `TV_Show_sessions` (`ID`, `TV_Show_episode_ID`, `Client_ID`, `Watched_at`) VALUES (12, 9, 3, '2020-06-13 20:25:33');
INSERT INTO `TV_Show_sessions` (`ID`, `TV_Show_episode_ID`, `Client_ID`, `Watched_at`) VALUES (13, 8, 4, '2020-06-11 18:50:00');
INSERT INTO `TV_Show_sessions` (`ID`, `TV_Show_episode_ID`, `Client_ID`, `Watched_at`) VALUES (14, 7, 4, '2020-05-17 15:26:33');
INSERT INTO `TV_Show_sessions` (`ID`, `TV_Show_episode_ID`, `Client_ID`, `Watched_at`) VALUES (15, 6, 3, '2020-05-16 21:25:33');
INSERT INTO `TV_Show_sessions` (`ID`, `TV_Show_episode_ID`, `Client_ID`, `Watched_at`) VALUES (16, 5, 1, '2020-05-14 19:30:33');
INSERT INTO `TV_Show_sessions` (`ID`, `TV_Show_episode_ID`, `Client_ID`, `Watched_at`) VALUES (17, 4, 1, '2020-05-09 08:25:33');
INSERT INTO `TV_Show_sessions` (`ID`, `TV_Show_episode_ID`, `Client_ID`, `Watched_at`) VALUES (18, 3, 3, '2020-05-07 22:25:03');
INSERT INTO `TV_Show_sessions` (`ID`, `TV_Show_episode_ID`, `Client_ID`, `Watched_at`) VALUES (19, 2, 3, '2020-05-03 20:25:33');
INSERT INTO `TV_Show_sessions` (`ID`, `TV_Show_episode_ID`, `Client_ID`, `Watched_at`) VALUES (20, 1, 4, '2020-05-01 23:25:33');
INSERT INTO `TV_Show_sessions` (`ID`, `TV_Show_episode_ID`, `Client_ID`, `Watched_at`) VALUES (21, 1, 1, '2020-04-22 18:25:33');
INSERT INTO `TV_Show_sessions` (`ID`, `TV_Show_episode_ID`, `Client_ID`, `Watched_at`) VALUES (22, 2, 3, '2020-04-21 20:25:33');
INSERT INTO `TV_Show_sessions` (`ID`, `TV_Show_episode_ID`, `Client_ID`, `Watched_at`) VALUES (23, 3, 4, '2020-04-20 18:50:00');
INSERT INTO `TV_Show_sessions` (`ID`, `TV_Show_episode_ID`, `Client_ID`, `Watched_at`) VALUES (24, 4, 1, '2020-04-17 15:26:33');
INSERT INTO `TV_Show_sessions` (`ID`, `TV_Show_episode_ID`, `Client_ID`, `Watched_at`) VALUES (25, 5, 3, '2020-04-16 21:25:33');
INSERT INTO `TV_Show_sessions` (`ID`, `TV_Show_episode_ID`, `Client_ID`, `Watched_at`) VALUES (26, 6, 4, '2020-04-14 19:30:33');
INSERT INTO `TV_Show_sessions` (`ID`, `TV_Show_episode_ID`, `Client_ID`, `Watched_at`) VALUES (27, 7, 4, '2020-04-11 08:25:33');
INSERT INTO `TV_Show_sessions` (`ID`, `TV_Show_episode_ID`, `Client_ID`, `Watched_at`) VALUES (28, 8, 3, '2020-04-10 22:25:03');
INSERT INTO `TV_Show_sessions` (`ID`, `TV_Show_episode_ID`, `Client_ID`, `Watched_at`) VALUES (29, 9, 1, '2020-04-09 20:25:33');
INSERT INTO `TV_Show_sessions` (`ID`, `TV_Show_episode_ID`, `Client_ID`, `Watched_at`) VALUES (30, 10, 1, '2020-04-05 23:25:33');

INSERT INTO `clients_logins` (`ID`, `Client_ID`, `Logged_in`, `Logged_out`) VALUES ('3', '2', '2020-03-15 18:20:33', '2020-03-15 19:20:33');
INSERT INTO `clients_logins` (`ID`, `Client_ID`, `Logged_in`, `Logged_out`) VALUES ('4', '1', '2020-03-17 23:20:33', '2020-03-18 01:20:33');
INSERT INTO `clients_logins` (`ID`, `Client_ID`, `Logged_in`, `Logged_out`) VALUES ('5', '5', '2020-03-19 20:20:33', '2020-03-19 22:20:33');
INSERT INTO `clients_logins` (`ID`, `Client_ID`, `Logged_in`, `Logged_out`) VALUES ('6', '4', '2020-03-22 22:20:03', '2020-03-22 23:20:03');
INSERT INTO `clients_logins` (`ID`, `Client_ID`, `Logged_in`, `Logged_out`) VALUES ('7', '1', '2020-03-28 08:20:33', '2020-03-28 12:20:33');
INSERT INTO `clients_logins` (`ID`, `Client_ID`, `Logged_in`, `Logged_out`) VALUES ('8', '1', '2020-04-05 23:20:33', '2020-04-06 01:20:33');
INSERT INTO `clients_logins` (`ID`, `Client_ID`, `Logged_in`, `Logged_out`) VALUES ('9', '1', '2020-04-09 20:20:33', '2020-04-09 22:20:33');
INSERT INTO `clients_logins` (`ID`, `Client_ID`, `Logged_in`, `Logged_out`) VALUES ('10', '3', '2020-04-10 22:25:03', '2020-04-10 23:25:03');
INSERT INTO `clients_logins` (`ID`, `Client_ID`, `Logged_in`, `Logged_out`) VALUES ('11', '4', '2020-04-11 08:20:33', '2020-04-11 11:20:33');
INSERT INTO `clients_logins` (`ID`, `Client_ID`, `Logged_in`, `Logged_out`) VALUES ('12', '4', '2020-04-14 19:20:33', '2020-04-14 22:20:33');
INSERT INTO `clients_logins` (`ID`, `Client_ID`, `Logged_in`, `Logged_out`) VALUES ('13', '2', '2020-04-16 19:20:33', '2020-04-16 21:20:33');
INSERT INTO `clients_logins` (`ID`, `Client_ID`, `Logged_in`, `Logged_out`) VALUES ('14', '3', '2020-04-16 19:20:33', '2020-04-16 21:20:33');
INSERT INTO `clients_logins` (`ID`, `Client_ID`, `Logged_in`, `Logged_out`) VALUES ('15', '1', '2020-04-17 15:20:33', '2020-04-17 19:20:33');
INSERT INTO `clients_logins` (`ID`, `Client_ID`, `Logged_in`, `Logged_out`) VALUES ('16', '1', '2020-04-17 21:20:33', '2020-04-17 23:20:33');
INSERT INTO `clients_logins` (`ID`, `Client_ID`, `Logged_in`, `Logged_out`) VALUES ('17', '5', '2020-04-18 15:20:33', '2020-04-18 17:20:33');
INSERT INTO `clients_logins` (`ID`, `Client_ID`, `Logged_in`, `Logged_out`) VALUES ('18', '4', '2020-04-19 18:50:00', '2020-04-19 20:50:00');
INSERT INTO `clients_logins` (`ID`, `Client_ID`, `Logged_in`, `Logged_out`) VALUES ('19', '2', '2020-04-19 20:30:33', '2020-04-19 21:40:00');
INSERT INTO `clients_logins` (`ID`, `Client_ID`, `Logged_in`, `Logged_out`) VALUES ('20', '4', '2020-04-20 18:40:00', '2020-04-20 22:40:00');




